"ID","Genero","NivelEducativo","Edad","Hermanos","Estatura","IngresoMensual","HorasDeTrabajo"
"161401295","Femenino","Secundaria",60,2,1.76,1167.59,38.9
"682811918","Masculino","Primaria",44,2,1.84,2078.23,28.6
"818023338","Otro","Técnico",53,1,1.51,2557.47,43.2
"120710262","Masculino","Técnico",58,3,1.75,1564.89,29.9
"220886245","Otro","Universitario",29,4,1.88,1313.16,31.5
"888370190","Otro","Técnico",26,5,1.73,2183.83,60.4
"762679961","Otro","Secundaria",33,0,1.88,1245.89,26
"442099291","Femenino","Secundaria",45,4,1.78,3634.8,31.2
"334689371","Masculino","Universitario",45,3,1.87,539.6,34.2
"599306588","Masculino","Técnico",30,5,1.87,2407.03,34
"603520649","Otro","Técnico",24,4,1.67,402.94,28.7
"668775779","Masculino","Universitario",20,1,1.85,1604.54,38.1
"189241370","Femenino","Universitario",40,4,1.77,3187.47,29.6
"168175018","Otro","Universitario",29,4,1.94,2897.41,53.4
"914941694","Femenino","Primaria",41,1,1.54,880.11,41.2
"819121060","Masculino","Secundaria",37,1,1.69,819.12,48.6
"105740881","Otro","Universitario",33,5,1.82,2046.48,25.9
"036321127","Femenino","Universitario",50,6,1.51,1237.62,39.9
"292830028","Femenino","Secundaria",60,0,1.6,2324.62,45.5
"613313056","Masculino","Técnico",18,4,1.82,1212.85,41
"703159917","Masculino","Secundaria",54,4,1.95,711.9,40.2
"654713737","Otro","Primaria",33,1,1.75,1655.86,29.7
"068606875","Femenino","Técnico",52,0,1.59,1020.63,33.7
"196833589","Masculino","Secundaria",32,1,1.88,2869.31,36
"210116405","Masculino","Universitario",42,3,1.51,1732.16,32
"261764320","Otro","Universitario",57,1,1.81,1969.73,47.6
"547733721","Otro","Primaria",34,6,1.78,3104.47,57.6
"622944221","Masculino","Primaria",39,0,1.58,3486.26,53.2
"709105736","Femenino","Secundaria",54,4,1.53,1957.64,44.2
"575358527","Masculino","Secundaria",47,2,1.52,2266.67,38.8
"277639890","Otro","Primaria",58,2,1.59,3047.28,45.8
"258002937","Masculino","Primaria",59,2,1.62,1860.43,32.1
"190476441","Otro","Técnico",30,3,1.89,1165.1,42.6
"019243285","Femenino","Técnico",54,1,1.59,2795.36,41.7
"902692905","Masculino","Primaria",18,5,1.98,780.29,16.5
"967719002","Otro","Secundaria",29,1,1.75,1803.8,59
"557554911","Otro","Técnico",48,4,1.7,1678.28,26.7
"437197940","Otro","Secundaria",62,3,1.75,1581.8,13.7
"720030152","Femenino","Técnico",47,4,1.92,-202.89,40
"441806678","Femenino","Primaria",51,3,1.53,1530.48,41.1
"586099921","Masculino","Universitario",59,1,1.54,3013.05,39.9
"561358642","Femenino","Secundaria",22,4,1.97,1624.9,41.4
"401647650","Femenino","Técnico",20,0,1.98,1504.77,28.2
"302198797","Femenino","Técnico",22,4,1.7,1467.09,45.9
"138680310","Femenino","Universitario",62,1,1.75,1300.21,53.8
"931037939","Otro","Secundaria",30,6,1.7,2116.82,31.6
"429413684","Otro","Técnico",32,2,1.61,2474.22,43.1
"706255831","Masculino","Secundaria",23,6,1.87,3158.96,37.3
"690103720","Femenino","Técnico",18,4,1.83,747.13,39.4
"795823390","Otro","Secundaria",27,3,1.76,2316.28,49.8
"260829855","Masculino","Universitario",42,4,1.6,1877.41,42.8
"947397742","Femenino","Universitario",60,0,1.87,2228.23,59.3
"211678272","Masculino","Primaria",37,3,1.76,1174.63,36.7
"367159182","Femenino","Primaria",35,5,1.58,2036.41,54.8
"635195872","Otro","Técnico",32,6,1.77,1077.11,35.4
"247871555","Otro","Técnico",43,2,1.69,2527.76,37.7
"513211382","Otro","Universitario",56,1,1.94,1243.05,36.7
"662247247","Masculino","Secundaria",20,2,1.93,2050.84,42.9
"609530021","Masculino","Secundaria",41,2,1.64,298.21,44.7
"512222259","Femenino","Secundaria",36,5,1.65,2261.57,41.5
"743029938","Masculino","Universitario",54,0,1.68,2886.18,46
"090810604","Femenino","Secundaria",64,2,1.73,2612.93,32.2
"308398410","Otro","Secundaria",36,1,1.77,2842.94,37.6
"987066495","Femenino","Primaria",24,3,1.74,915.25,46.5
"264988884","Masculino","Universitario",45,5,1.91,1864.56,50.4
"044904209","Otro","Primaria",33,0,1.59,1944.24,43.4
"398277422","Masculino","Técnico",22,6,1.99,2576.16,47.1
"418545502","Masculino","Universitario",41,6,1.82,1865.77,48.4
"592330520","Otro","Técnico",65,6,1.97,1837.38,46.1
"477127639","Masculino","Secundaria",59,1,1.76,3342.5,37.8
"308950919","Otro","Secundaria",50,2,1.92,2872.75,38.4
"836515791","Masculino","Universitario",53,0,1.99,594.84,46.2
"009853594","Femenino","Técnico",44,4,1.51,1692.31,35.4
"644177902","Masculino","Primaria",37,2,1.59,1206.27,38.7
"452888736","Femenino","Técnico",26,6,1.91,4377.27,39.1
"698958853","Otro","Secundaria",22,6,1.81,1604.53,24.1
"558182160","Masculino","Universitario",24,1,1.89,2918.43,43.3
"488095520","Otro","Universitario",50,1,1.88,2077.02,45.7
"722771511","Femenino","Primaria",19,3,1.62,2087.06,39.4
"524978084","Femenino","Técnico",60,1,1.62,2396.19,57.9
"535532782","Otro","Secundaria",18,2,1.64,1885.89,38.2
"385568765","Otro","Secundaria",62,3,1.54,2666.35,45.8
"894583769","Femenino","Técnico",48,0,1.54,2447.86,45.3
"405175094","Otro","Universitario",59,5,1.78,651.92,47.8
"064589961","Femenino","Primaria",21,0,1.75,1555.51,44.2
"700901090","Masculino","Técnico",53,4,1.64,1581.32,38.1
"103764557","Otro","Primaria",51,5,1.77,1595.12,45.6
"804484975","Femenino","Secundaria",33,3,1.76,2852.23,42.5
"673622212","Femenino","Primaria",33,6,1.52,3189.62,42.4
"654348968","Femenino","Primaria",57,2,1.71,1262.56,47.2
"435389401","Femenino","Universitario",52,6,1.53,2433.15,47.7
"655352152","Femenino","Universitario",37,1,1.69,1064.19,39.9
"490031563","Otro","Primaria",60,2,1.78,1554.34,36.1
"732900372","Femenino","Universitario",34,5,1.57,2238.77,53.3
"996622531","Otro","Universitario",33,6,1.58,1848.86,40.5
"928820388","Masculino","Primaria",51,2,1.65,1455.64,36.2
"204714860","Masculino","Primaria",25,6,1.69,994.04,30.5
"437610673","Masculino","Secundaria",22,0,1.6,1750.59,42.7
"304737083","Otro","Universitario",29,2,1.92,2042,43.9
"139720203","Otro","Universitario",48,3,1.66,2449.79,28.6
"980987831","Otro","Universitario",64,2,1.67,1299.35,26.5
"226977070","Femenino","Técnico",40,4,1.84,2469.4,41.8
"978620269","Femenino","Secundaria",19,6,1.78,1068.93,31.8
"851569259","Otro","Secundaria",32,3,1.56,1563.11,53.5
"508325294","Femenino","Universitario",54,6,1.87,2360.3,28.9
"180686585","Masculino","Universitario",58,6,1.7,1445.99,24.5
"046622124","Masculino","Secundaria",32,4,1.57,1376.32,39.3
"849335546","Masculino","Primaria",56,2,1.91,1962.13,44.7
"656657837","Femenino","Primaria",58,6,1.95,2028.35,41.6
"201107854","Masculino","Universitario",41,6,1.97,2747.59,38.8
"737452560","Masculino","Técnico",26,5,1.91,1813.29,43.8
"265730429","Otro","Secundaria",28,4,1.73,639.37,32.3
"639694888","Otro","Universitario",27,3,1.95,1475.33,42.3
"933739018","Femenino","Técnico",59,5,1.66,1495.62,31.7
"030947528","Masculino","Técnico",64,3,1.67,1254.14,32
"399590525","Otro","Secundaria",56,3,1.85,2257.52,41.1
"133482761","Otro","Primaria",45,0,1.54,4001.41,44.1
"721840007","Otro","Primaria",34,1,1.76,2635.33,31.3
"951705149","Masculino","Secundaria",61,5,1.85,1876.13,24.5
"754704842","Femenino","Secundaria",54,1,1.86,2402.93,29.7
"748155711","Otro","Técnico",52,6,1.87,3154.21,20
"070620055","Otro","Primaria",35,6,1.98,1752.59,41.3
"370759915","Masculino","Secundaria",31,3,2,2531.58,45.8
"086016185","Otro","Primaria",24,4,1.69,2449.52,58
"519831965","Otro","Universitario",62,2,1.98,1901.89,31.1
"309471754","Masculino","Universitario",48,3,1.79,2045.24,35.3
"087342134","Masculino","Secundaria",20,0,1.66,2521.51,38.9
"952924011","Masculino","Técnico",51,2,1.55,1979.01,42.4
"319464985","Femenino","Universitario",42,6,1.58,1728.39,32
"036905754","Masculino","Primaria",28,3,1.57,1524.81,49.3
"629553561","Otro","Técnico",59,0,1.87,2232.77,36.2
"248931674","Masculino","Universitario",33,3,1.64,1955.98,49.9
"278870484","Masculino","Secundaria",52,0,1.99,1702.61,23.7
"234662808","Otro","Universitario",53,0,1.69,2141.27,38.4
"205003209","Otro","Secundaria",24,1,1.56,1381.55,43.5
"308863333","Masculino","Universitario",27,0,1.57,1358.06,35.1
"018272526","Femenino","Universitario",37,0,1.61,3098.85,35.2
"997005958","Masculino","Universitario",34,2,1.94,1294.92,33.6
"425380993","Masculino","Universitario",38,2,1.98,2252.63,41
"148439658","Femenino","Universitario",60,2,1.59,1225.29,52.6
"124828346","Femenino","Técnico",31,6,1.98,1815.51,29.8
"558922525","Otro","Primaria",20,3,1.62,2312.29,39
"672727579","Femenino","Universitario",31,3,1.79,1192.37,35.2
"869563911","Femenino","Secundaria",49,1,1.56,2476.03,54.1
"599488245","Otro","Primaria",54,4,1.53,2175.13,59.3
"916000297","Femenino","Secundaria",47,5,1.72,1746.71,45
"450088326","Masculino","Universitario",52,0,1.65,2196.37,40.7
"368131294","Masculino","Secundaria",31,4,1.7,2060.04,53.7
"446618461","Masculino","Técnico",34,5,1.94,1328.28,35.4
"445664192","Otro","Secundaria",28,2,1.86,882.35,39.4
"631551033","Femenino","Técnico",18,2,1.99,2084.91,50.5
"445843619","Otro","Universitario",26,6,1.5,1196.22,41.1
"379644482","Otro","Técnico",44,0,1.75,1971.82,35.2
"503531850","Femenino","Universitario",20,4,1.68,681.54,41.8
"276069913","Femenino","Secundaria",61,2,1.63,1256.77,35.5
"847750199","Femenino","Técnico",39,3,1.64,2217.69,58.7
"618199637","Masculino","Universitario",61,4,1.81,2836.26,36.2
"707534482","Otro","Primaria",65,2,1.93,2135.42,49.4
"111753631","Otro","Primaria",58,4,1.78,1204.45,40
"984588177","Otro","Universitario",47,2,1.59,1667.73,53.3
"586479533","Otro","Secundaria",26,6,1.59,2874.91,49.3
"064694719","Femenino","Secundaria",32,2,1.58,2414.95,33.5
"523566184","Femenino","Universitario",63,5,1.86,2629.63,42.8
"724855615","Masculino","Técnico",52,3,1.98,2797.36,38.5
"315020756","Femenino","Técnico",25,2,1.96,2301.97,45
"617689437","Otro","Técnico",65,0,1.71,2887.5,39.5
"630214369","Masculino","Secundaria",18,3,1.75,1221.43,44.7
"486656177","Otro","Universitario",43,5,1.89,2239.72,38.8
"830538893","Femenino","Secundaria",60,2,1.87,1728.41,49.6
"672627633","Otro","Primaria",18,4,1.73,2161.39,43.1
"738088899","Femenino","Secundaria",64,1,1.8,3060.32,26.8
"500266114","Masculino","Secundaria",56,6,1.98,2403.03,39.8
"145028799","Masculino","Primaria",46,5,1.84,1496.29,36.6
"105592185","Masculino","Secundaria",39,1,1.71,1719.88,51.2
"252508330","Femenino","Secundaria",40,4,1.71,1238.93,28.5
"364692166","Masculino","Universitario",48,1,1.55,1928.15,19.6
"527025386","Femenino","Técnico",28,0,1.94,1600.32,44.7
"161868284","Masculino","Primaria",47,1,1.99,2633.26,49.4
"795822144","Otro","Primaria",54,4,1.8,1605.82,44.5
"407844323","Masculino","Primaria",48,3,1.95,2568.25,53.5
"975391707","Otro","Universitario",47,4,1.65,2576.58,49
"970639651","Otro","Secundaria",41,5,1.84,1651.74,30.7
"452738391","Femenino","Técnico",65,5,1.87,3141.19,49.3
"088218079","Femenino","Universitario",43,2,1.7,2021.54,34.1
"506461634","Femenino","Secundaria",43,6,1.92,1477.75,51.1
"667063177","Otro","Secundaria",57,0,1.8,2059.52,49.9
"624718631","Masculino","Secundaria",20,1,1.74,1207.23,39.5
"886904095","Masculino","Primaria",37,0,1.58,2520.79,50.7
"383626825","Otro","Universitario",57,1,1.5,1283.87,37.3
"287560930","Masculino","Secundaria",38,1,1.96,3034.39,50.1
"924155770","Masculino","Universitario",31,3,1.97,340.63,16.9
"111882537","Masculino","Universitario",33,5,1.75,1110.03,29.5
"861622877","Femenino","Universitario",44,3,1.61,1729.32,41.5
"981206827","Masculino","Universitario",33,4,1.93,1439.44,34.9
"203859181","Femenino","Primaria",52,6,1.68,3077.56,13.3
"413422187","Otro","Técnico",31,0,1.74,1951.66,31.6
"606117971","Masculino","Universitario",43,0,1.97,2283.84,56.1
"227238754","Otro","Técnico",34,6,1.78,2565.9,27.9
"689233105","Masculino","Universitario",48,1,1.51,2122.3,41.7
"872321100","Otro","Secundaria",34,5,1.95,2768.81,35.1
"341704483","Otro","Universitario",62,0,1.57,2351.77,40.2
"464616623","Femenino","Primaria",37,3,1.65,2558.57,38.2
"427108675","Masculino","Técnico",19,4,1.61,811.19,38.6
"141727097","Otro","Secundaria",33,3,1.58,1098.94,38.8
"995175008","Otro","Universitario",31,3,1.55,218.87,18.2
"500217190","Masculino","Secundaria",54,0,1.78,1797.38,40
"044639656","Femenino","Técnico",49,0,1.93,3145.41,41.3
"464104544","Femenino","Primaria",58,0,1.52,1217.28,44.1
"102324621","Femenino","Secundaria",41,1,1.95,2252.05,53.7
"265535326","Otro","Secundaria",46,1,1.92,2352.76,40.4
"665329648","Otro","Primaria",38,3,1.85,2190.82,42.7
"965177255","Otro","Técnico",44,3,1.83,1772.62,25.7
"919153233","Masculino","Técnico",46,1,1.67,1505.48,41
"364791122","Femenino","Universitario",44,5,1.58,1490.59,24.4
"988262643","Femenino","Universitario",45,0,1.67,2013.96,60
"141152119","Masculino","Primaria",27,4,1.77,3039.71,36.4
"403362417","Masculino","Técnico",46,1,1.64,1365.19,43.5
"762036610","Masculino","Universitario",35,6,1.71,1901.97,44.4
"697463245","Femenino","Primaria",51,6,1.65,2079.41,26.9
"546045983","Otro","Técnico",21,6,1.71,2633.13,44.7
"933082227","Otro","Técnico",58,3,1.84,1814.94,29.3
"924176478","Otro","Técnico",64,2,1.51,2510.17,44.6
"248098832","Otro","Secundaria",19,0,1.91,802.61,33.8
"784604580","Masculino","Universitario",21,0,1.56,2574.72,33.2
"548515233","Masculino","Universitario",29,4,1.66,2077.1,44.1
"768595356","Otro","Secundaria",46,3,1.83,1123.48,43.7
"951063052","Masculino","Universitario",28,5,1.81,135.71,37.5
"901034908","Masculino","Primaria",56,0,1.92,1707.73,32.6
"373423666","Masculino","Técnico",44,4,1.5,2535.09,41.9
"013307055","Otro","Secundaria",47,1,1.95,2255.24,39.5
"800246133","Otro","Técnico",21,2,1.77,1708.67,49.6
"444947920","Femenino","Técnico",27,3,1.66,2040.05,33.7
"159323258","Otro","Universitario",40,0,1.59,2124.79,38.8
"495857043","Femenino","Técnico",61,0,1.81,1398.07,62.7
"154829059","Femenino","Universitario",65,3,1.93,2043.64,27.2
"837637985","Femenino","Técnico",19,5,1.83,2089.81,43.2
"922162465","Femenino","Universitario",49,3,1.94,1421.73,44.1
"472868171","Otro","Secundaria",61,5,1.54,2158.56,35.5
"879478061","Femenino","Secundaria",23,5,1.51,2248.45,32.9
"269078698","Otro","Secundaria",59,0,1.6,2421.06,25.4
"219635036","Femenino","Primaria",34,3,1.91,2568.84,25.8
"266733970","Masculino","Secundaria",57,3,1.66,2328.25,37.4
"080784852","Masculino","Universitario",41,5,1.64,2241.12,52.5
"658114185","Otro","Universitario",56,1,1.57,1923.66,40.5
"812363784","Masculino","Primaria",31,1,1.72,2359.01,55.5
"846319877","Femenino","Secundaria",28,5,1.94,984.6,34
"169655602","Femenino","Técnico",43,0,1.91,2523.42,45.8
"424006730","Femenino","Secundaria",41,1,1.77,1572.07,41.2
"152651337","Masculino","Primaria",59,4,1.88,3870.02,43.6
"218765175","Otro","Primaria",36,3,1.9,1522.93,42.1
"352667360","Otro","Técnico",64,5,1.6,-310.1,47.8
"013366995","Femenino","Primaria",60,1,1.64,3097.67,39.9
"349887160","Femenino","Primaria",31,3,1.81,1521.08,49.7
"224354971","Femenino","Universitario",27,1,1.62,2474.36,44.9
"333263991","Otro","Secundaria",64,5,1.66,2180.59,39.9
"298050392","Masculino","Técnico",50,5,1.58,2877.05,38.9
"127637059","Femenino","Técnico",40,1,1.95,1277.39,27.2
"711821224","Otro","Técnico",48,5,1.89,1048.75,33.5
"042271780","Masculino","Primaria",39,1,1.53,2851.98,37.4
"204926442","Otro","Secundaria",40,5,1.81,1233.15,49.4
"082785147","Otro","Universitario",46,0,1.9,773.04,47.9
"645375838","Femenino","Secundaria",47,4,1.73,2622.38,31.9
"623890420","Otro","Primaria",34,6,1.96,1947.79,35.2
"201974425","Otro","Secundaria",26,3,1.72,3822.56,57.4
"228976627","Femenino","Universitario",56,2,1.5,2274.89,25.9
"375614569","Masculino","Primaria",21,6,1.89,1717.53,41.8
"857257348","Masculino","Universitario",24,5,1.87,1498.25,42.8
"701367476","Otro","Técnico",19,2,1.72,3347.69,35
"286621045","Masculino","Técnico",43,4,1.68,1028.06,26.3
"552652824","Otro","Primaria",37,6,1.65,2493.57,36.1
"447110703","Otro","Técnico",33,4,1.77,2449.34,66.9
"532358847","Femenino","Técnico",62,1,1.63,1541.76,38.9
"136620718","Otro","Secundaria",49,0,1.7,3228.57,37.8
"976590127","Masculino","Secundaria",56,5,1.66,1401.88,41.8
"114167696","Masculino","Universitario",51,6,1.88,1984.42,28.3
"940711624","Masculino","Secundaria",30,0,1.53,2310.1,47.5
"379511162","Otro","Primaria",56,4,1.91,3858.5,47.2
"035935847","Masculino","Secundaria",53,6,1.96,2492.12,36.5
"619907120","Femenino","Secundaria",52,1,1.86,3385.24,40.6
"969888137","Masculino","Universitario",62,5,1.57,1417.15,34.9
"747293995","Femenino","Universitario",41,5,1.73,603.65,46.9
"628282014","Masculino","Secundaria",21,5,1.64,2711.49,23.4
"347889610","Femenino","Técnico",44,3,1.67,697.22,37.8
"557193405","Femenino","Universitario",33,1,1.59,926.23,46.2
"094502457","Femenino","Primaria",25,2,1.72,2488.62,56.9
"360564774","Otro","Técnico",20,4,1.87,1955.38,30.9
"609468735","Otro","Secundaria",34,0,1.71,2677.62,28.8
"984419150","Femenino","Secundaria",38,4,1.82,3146.54,38.9
"658890130","Femenino","Secundaria",47,5,1.79,2730.2,39.4
"109142136","Femenino","Secundaria",62,6,1.84,2305.86,47.6
"180837707","Otro","Secundaria",27,5,1.6,2441.61,38.9
"102029753","Masculino","Universitario",54,0,1.92,2115.86,34.3
"482758131","Otro","Universitario",51,0,1.86,3366.71,58.9
"039245896","Masculino","Universitario",27,1,1.61,2041.91,36.7
"893041354","Femenino","Primaria",21,0,1.58,2645.72,48.8
"446969937","Otro","Técnico",41,6,1.77,1247.91,47.4
"876003462","Femenino","Primaria",37,1,1.53,2031.39,35.6
"296184564","Femenino","Primaria",60,2,1.68,401.9,56.6
"403033216","Masculino","Secundaria",19,1,1.8,2110.98,28.4
"594436764","Femenino","Secundaria",63,2,1.58,809.38,30.6
"387948593","Otro","Universitario",53,6,1.83,1893.7,51.7
"216964436","Femenino","Técnico",50,5,1.74,1807.91,24.4
"012643013","Otro","Técnico",63,1,1.92,2777.62,46.4
"969576751","Otro","Universitario",31,6,1.65,1486.21,42
"683478640","Femenino","Técnico",40,0,1.88,1468.66,47.4
"012474814","Masculino","Técnico",23,3,1.97,421.59,47.8
"410439283","Masculino","Universitario",40,5,1.79,2496.31,33.3
"503953011","Femenino","Universitario",19,1,1.99,2870.94,33.2
"797321277","Otro","Técnico",53,4,1.88,1819.14,48.1
"631581804","Femenino","Secundaria",49,5,1.99,3184.19,48.9
"086214005","Masculino","Primaria",34,1,1.58,1672.2,28.9
"370559091","Otro","Técnico",64,2,1.89,1198.14,27.7
"732010072","Masculino","Secundaria",44,6,1.56,2183.32,29.3
"243479478","Masculino","Técnico",38,3,1.63,2549.03,39.9
"899445434","Otro","Primaria",40,5,1.56,805.18,39.8
"348840694","Masculino","Universitario",33,1,1.87,691.49,63.3
"870354166","Femenino","Secundaria",61,4,1.76,2037.14,45.4
"095890355","Otro","Secundaria",25,1,1.89,2384.35,38.5
"984695035","Otro","Técnico",19,2,1.87,124.41,34.7
"170893955","Otro","Técnico",64,6,1.94,635.05,34.6
"169878494","Otro","Primaria",65,1,1.91,2246.22,33.8
"144807234","Otro","Técnico",34,4,1.9,2710.99,29.1
"708778152","Femenino","Primaria",52,2,1.97,1695.25,41.7
"767122196","Masculino","Universitario",19,6,1.76,2960.34,8.1
"407716505","Otro","Secundaria",60,5,1.81,1508.97,28.3
"099409095","Femenino","Técnico",50,4,1.59,1866.64,49.9
"363307453","Masculino","Primaria",27,0,1.72,3079.79,41.5
"199385183","Masculino","Secundaria",36,0,1.93,1934.75,45.5
"798322128","Otro","Secundaria",47,3,1.63,2020.7,34.1
"561677654","Femenino","Universitario",44,4,1.91,1280.1,54.1
"685554360","Femenino","Primaria",50,3,1.8,2053.61,37
"029294834","Femenino","Primaria",64,1,1.58,1484.59,45.9
"724416456","Femenino","Primaria",35,4,1.74,560.45,40.1
"463323543","Femenino","Técnico",21,5,1.9,1223.61,44.8
"417635552","Masculino","Primaria",40,3,1.69,1809.08,35.6
"185599450","Otro","Universitario",19,1,1.63,2130.91,52.4
"716890105","Otro","Primaria",59,1,1.62,2854.43,34.8
"632876203","Otro","Primaria",49,0,1.66,2030.83,68.6
"739659994","Femenino","Técnico",49,6,1.58,1898.07,38.4
"233045293","Otro","Secundaria",18,3,1.69,2884.91,41.3
"310837327","Femenino","Secundaria",49,6,1.58,3932.05,33.8
"212048109","Masculino","Secundaria",18,0,1.98,1931.65,47.3
"306349863","Masculino","Técnico",57,6,1.96,2942.39,41.9
"195039654","Otro","Técnico",36,0,1.73,2388.95,46.4
"837612250","Otro","Universitario",57,6,1.8,1939.16,47.1
"119226330","Otro","Universitario",45,6,1.72,463.29,32.3
"684724823","Femenino","Secundaria",47,6,1.67,1225.96,48.3
"246709606","Masculino","Técnico",40,0,1.83,1554.6,28.1
"157627433","Masculino","Universitario",50,2,1.53,1111.83,41.5
"059194497","Masculino","Primaria",27,0,1.54,1071,49.1
"323976054","Masculino","Técnico",65,0,1.79,1669.66,24.1
"297870568","Masculino","Universitario",24,1,1.55,2761.51,35.6
"625830284","Femenino","Primaria",55,4,1.65,1263.86,36
"786016072","Masculino","Técnico",40,1,1.52,2094.54,19.4
"712953897","Femenino","Técnico",39,2,1.73,1837.61,38
"755486393","Femenino","Secundaria",63,2,1.8,2634.48,54.1
"549994548","Otro","Secundaria",27,5,1.71,2030.75,25.9
"350251075","Masculino","Secundaria",47,4,1.86,1865.47,29
"581422850","Otro","Universitario",38,6,1.89,1532.65,36.1
"037802441","Otro","Primaria",53,6,1.76,2713.52,39.4
"066496391","Masculino","Primaria",28,4,1.74,2911.47,41
"265057821","Femenino","Técnico",61,1,1.88,2015.55,41.9
"873661646","Otro","Primaria",29,4,1.71,4617.43,37.2
"142338640","Femenino","Técnico",23,3,1.86,1997.61,63.6
"788957924","Masculino","Secundaria",22,3,2,4339.06,35.5
"942439756","Otro","Secundaria",33,2,1.79,1892.9,26.6
"219703387","Femenino","Primaria",64,5,1.93,743.43,24.4
"445401044","Masculino","Secundaria",26,4,1.94,860.19,38
"478757470","Otro","Técnico",45,0,1.78,1302.82,34.6
"947805609","Masculino","Técnico",18,5,1.79,3182.73,50.5
"520817672","Femenino","Primaria",59,2,1.62,3362.66,38.1
"054982649","Femenino","Universitario",34,1,1.77,2318.09,40.8
"212251123","Masculino","Secundaria",43,6,1.94,2246.8,23.8
"486466135","Otro","Primaria",37,3,1.72,1570.44,37.6
"108602275","Masculino","Universitario",55,3,1.59,1458.66,37.3
"193273927","Otro","Primaria",28,0,1.6,1425.68,26
"386109386","Femenino","Primaria",28,1,1.74,1303.56,30.9
"810569648","Otro","Secundaria",37,0,1.66,1568.06,31.3
"453508533","Otro","Secundaria",56,5,1.9,1501.85,48.3
"863964597","Otro","Universitario",31,1,1.54,2422.83,45.6
"384678885","Masculino","Universitario",39,5,1.67,2616.65,46.9
"017679772","Masculino","Técnico",41,2,1.7,3282.54,54.1
"914733193","Masculino","Primaria",39,3,1.68,41.1,36.8
"715166324","Masculino","Secundaria",23,5,1.84,2396.1,51.8
"875407424","Femenino","Universitario",42,0,1.84,1745.23,37.3
"168958181","Femenino","Universitario",41,4,1.59,1786.89,51.6
"912374913","Masculino","Universitario",43,6,1.78,686.64,27.5
"484122292","Masculino","Técnico",19,6,1.71,1973.7,34
"215827268","Femenino","Técnico",37,2,1.7,1379.19,49.1
"637141594","Masculino","Técnico",30,0,1.79,2284.61,56.6
"327465462","Otro","Técnico",29,5,1.71,1109.75,39.6
"019034017","Femenino","Secundaria",64,5,1.53,4756.79,36.7
"853941957","Masculino","Universitario",51,1,1.8,1374.32,46.3
"322757527","Masculino","Secundaria",40,0,1.64,1774.24,38.8
"749210329","Femenino","Secundaria",39,3,1.84,1016.99,40.1
"633239544","Masculino","Técnico",23,2,1.68,1739.86,42.5
"506479957","Otro","Técnico",33,1,1.95,3707.4,50.9
"675552576","Otro","Primaria",42,4,1.93,1690.49,29.3
"033000524","Masculino","Técnico",43,6,1.67,2488.16,35.6
"604056438","Otro","Técnico",32,1,1.97,1248.18,46
"051480324","Masculino","Primaria",58,6,1.95,3230.69,18.6
"476687471","Otro","Universitario",51,6,1.51,2374.68,53
"056013174","Otro","Secundaria",32,3,1.54,1426.69,33.5
"608674241","Femenino","Primaria",25,4,1.85,2184.35,29.6
"460843979","Femenino","Técnico",22,3,1.63,1690.51,41.7
"753149451","Femenino","Técnico",56,6,1.59,2406.97,62.3
"733498424","Otro","Secundaria",35,5,1.54,1352.48,33.3
"040450319","Otro","Primaria",47,4,1.88,2370.57,25.1
"281985460","Otro","Técnico",34,3,1.81,3266.54,38.7
"728468457","Masculino","Técnico",49,4,1.68,3010.21,51.7
"264028761","Otro","Técnico",37,6,1.83,2243.99,37.2
"086204803","Femenino","Primaria",62,5,1.86,2266.94,46
"218549316","Masculino","Secundaria",31,6,1.54,2337.2,51.6
"746031848","Otro","Universitario",37,4,1.56,2718.7,22.9
"439653733","Masculino","Secundaria",19,1,1.76,2308.74,46
"722961126","Otro","Secundaria",55,1,1.97,2484.87,34.8
"054781763","Otro","Primaria",45,1,1.59,2510.25,39.4
"302649930","Masculino","Técnico",60,1,1.78,2182.24,62.5
"016715101","Masculino","Universitario",60,6,1.84,2576.36,42.5
"500601733","Masculino","Primaria",40,5,1.5,2046.27,48.1
"274199968","Masculino","Técnico",60,1,1.53,2809.03,30.1
"391677963","Otro","Secundaria",46,3,1.82,1657.4,44.3
"575230415","Femenino","Primaria",24,3,1.9,2155.02,38.8
"250743484","Masculino","Técnico",40,1,2,2025.97,37.7
"488561482","Femenino","Universitario",56,3,1.74,1140.68,45.6
"850177851","Masculino","Universitario",24,4,1.98,2959.06,25
"420974080","Otro","Técnico",36,1,1.58,1070.05,53.9
"589482226","Masculino","Técnico",39,4,1.98,3044.1,62.8
"587805760","Masculino","Primaria",48,3,1.73,1145.23,35.6
"088578220","Femenino","Universitario",59,6,1.58,1214.33,45.2
"891889824","Femenino","Técnico",65,4,1.7,2688.71,60.5
"111599495","Masculino","Universitario",47,0,1.91,1934.6,31.2
"514131473","Otro","Primaria",60,5,1.68,523.85,40.5
"970161536","Otro","Secundaria",39,5,1.99,3202.74,63.1
"597715685","Otro","Técnico",45,5,1.53,9.18,30.7
"399059309","Masculino","Secundaria",18,1,1.84,1445.98,49.6
"667506562","Otro","Primaria",61,5,1.64,783.73,44.7
"709774807","Masculino","Secundaria",45,6,1.64,1545.63,36.4
"258877416","Femenino","Técnico",18,3,1.72,2070.94,43.6
"887229250","Masculino","Universitario",54,2,1.89,1733.17,36.7
"524678766","Femenino","Secundaria",34,6,1.53,1536.92,47.6
"624562095","Masculino","Técnico",18,1,1.92,1868.96,34.9
"686976265","Otro","Técnico",36,4,1.81,2215.33,22.4
"035025689","Femenino","Secundaria",19,0,1.62,1315.39,48.1
"529408982","Femenino","Primaria",49,0,1.96,340.12,51.3
"678400456","Femenino","Universitario",18,3,1.89,1259.32,41.1
"207363561","Otro","Técnico",48,1,1.89,476.51,31.7
"051673719","Otro","Primaria",26,2,1.62,2508.27,35.2
"137300937","Femenino","Secundaria",19,5,1.61,3496.13,26.8
"299975928","Otro","Secundaria",59,5,1.95,1083.63,26.1
"141075627","Femenino","Técnico",62,1,1.63,1291.65,51.3
"850854347","Otro","Primaria",19,1,1.84,1299.57,19.4
"436431687","Masculino","Técnico",43,1,1.66,2630.71,45.6
"892843570","Otro","Universitario",37,0,1.84,2025.08,36.2
"729522315","Masculino","Primaria",37,5,1.86,2391.16,26.7
"653640161","Masculino","Técnico",62,2,1.79,2617.18,37.7
"592062268","Femenino","Técnico",62,0,1.74,2198.27,38.1
"821653222","Masculino","Técnico",62,3,1.53,2358.27,52
"374618442","Masculino","Universitario",26,4,1.59,1069.95,64
"309880434","Femenino","Secundaria",29,6,1.92,1950.57,58.2
"281203811","Masculino","Secundaria",52,0,1.53,1507.12,56.3
"610362426","Otro","Técnico",55,3,1.98,956.14,56.2
"900144092","Femenino","Universitario",62,6,1.86,1064.81,49.3
"101488648","Femenino","Universitario",45,0,1.71,2750.09,35.5
"687987323","Otro","Técnico",47,6,1.57,959.56,41.7
"419789399","Femenino","Primaria",47,3,1.77,1676.54,24.7
"101731232","Masculino","Universitario",40,2,1.85,2786.05,32.2
"281899207","Otro","Primaria",65,2,1.74,2263.41,31.3
"910972744","Otro","Secundaria",52,6,1.76,2521.88,29.1
"795181515","Masculino","Técnico",63,1,1.71,2265.1,54.1
"082429457","Masculino","Universitario",40,6,1.88,1880.9,45
"256287799","Otro","Técnico",31,6,1.63,240.23,42.6
"938166140","Masculino","Secundaria",63,0,1.93,1512.93,39.9
"907201265","Masculino","Universitario",58,1,1.95,897.35,49.9
"367486223","Masculino","Técnico",48,2,1.54,1697.53,48.8
"263016846","Otro","Técnico",47,6,1.85,3643.29,31
"349795483","Femenino","Primaria",45,4,1.92,2110.58,20
"080776737","Masculino","Técnico",33,5,1.83,1424.68,28.2
"993102610","Masculino","Secundaria",39,1,1.88,2710.95,35.1
"848503131","Otro","Universitario",38,6,1.89,2393.1,40
"522816586","Masculino","Secundaria",46,0,1.69,1935.72,55
"640978751","Masculino","Primaria",49,4,1.68,1817.89,46.3
"759722655","Masculino","Técnico",21,5,1.75,1883.61,46.9
"357742647","Masculino","Técnico",29,1,1.53,1942.86,48.1
"888571250","Masculino","Primaria",20,4,1.84,2495.62,38.7
"606798684","Femenino","Técnico",31,3,1.98,2102.13,29.3
"504692253","Otro","Secundaria",62,4,1.87,1498.1,31
"897045412","Otro","Secundaria",47,3,1.58,2667.5,26.4
"609454615","Masculino","Secundaria",31,3,1.52,1441.28,27.1
"237586117","Masculino","Primaria",35,3,1.75,3047.39,24.8
"683753042","Otro","Universitario",59,3,1.96,1215.86,48.6
"164345662","Femenino","Técnico",27,6,1.96,2598.39,27.9
"977218637","Masculino","Primaria",47,4,1.54,3006.24,46.2
"241852083","Otro","Primaria",42,2,1.7,2977.75,63.5
"333821586","Femenino","Primaria",33,1,1.51,1910.27,38
"218702537","Femenino","Primaria",30,0,1.98,2553.76,38.2
"962760669","Otro","Primaria",61,4,1.92,289.89,48.4
"165009747","Femenino","Secundaria",43,0,1.5,2355.39,39.9
"549965037","Masculino","Técnico",43,0,1.53,1912.57,32.4
"601923842","Masculino","Universitario",41,2,1.75,2479.86,25.8
"091948971","Masculino","Primaria",48,1,1.71,2087.01,40.9
"729570046","Masculino","Universitario",58,5,1.92,3035.84,35.7
"611265541","Masculino","Secundaria",49,3,1.54,1863.48,43.9
"299133407","Femenino","Secundaria",44,4,1.85,2586.99,42.8
"040060315","Masculino","Universitario",27,0,1.52,1915.24,53
"496371587","Otro","Primaria",43,1,1.78,2524.61,46
"244218602","Masculino","Primaria",27,2,1.66,1014.99,51.4
"241570874","Otro","Técnico",19,4,1.91,2485.26,40.7
"495329570","Femenino","Primaria",23,0,1.87,1688.33,48.2
"166146862","Otro","Primaria",45,4,1.85,2315.85,37.5
"218675791","Masculino","Universitario",19,5,1.81,1299.75,38.5
"932232839","Otro","Universitario",62,3,1.78,2433.31,40.7
"501057416","Femenino","Técnico",64,6,1.63,4393.22,28.9
"423686153","Masculino","Primaria",35,1,1.52,3232.42,27.9
"862103833","Otro","Primaria",35,1,1.75,2784.3,37.1
"310498187","Femenino","Universitario",28,2,1.92,1504.79,26
"985883688","Otro","Técnico",24,3,1.73,2259.89,41
"210976395","Otro","Secundaria",31,5,1.85,1873.33,48
"737931282","Femenino","Secundaria",55,0,1.75,411.9,31.2
"062230926","Masculino","Secundaria",51,4,1.73,1807.87,40.5
"868364636","Masculino","Técnico",65,4,1.66,1746.77,24.6
"938889283","Masculino","Técnico",35,5,1.52,1928.3,49.3
"594349788","Femenino","Primaria",41,5,1.82,1574.39,36.4
"777818495","Masculino","Técnico",26,0,1.8,2521.46,55.3
"505843863","Femenino","Secundaria",58,0,1.57,3534.86,40.4
"172937687","Masculino","Técnico",18,4,1.67,2924.53,58.6
"871797080","Femenino","Primaria",51,3,1.82,2528.15,43.3
"950517921","Otro","Primaria",46,6,1.82,2044.06,38.1
"564414908","Otro","Secundaria",43,4,1.68,2060.59,50.1
"136069753","Otro","Secundaria",55,5,1.67,2926.02,45.3
"351299526","Masculino","Secundaria",52,3,1.68,3025.32,34.4
"312013866","Masculino","Secundaria",34,2,1.96,1526.44,47
"932800472","Femenino","Secundaria",51,4,1.88,2759.84,46.3
"539730144","Masculino","Secundaria",19,5,1.57,1053.51,43.7
"336012176","Femenino","Universitario",55,0,1.67,1045.87,36.4
"707172704","Masculino","Primaria",55,2,1.62,3276.63,39.5
"123559738","Masculino","Técnico",49,0,1.58,2029.55,48.8
"282647224","Masculino","Universitario",31,6,1.99,2027.03,51.2
"044709315","Femenino","Primaria",18,6,1.56,2783.22,43
"540488982","Femenino","Técnico",53,1,1.54,1842.67,31.9
"898645460","Otro","Técnico",37,5,1.87,1322.67,47.5
"509743758","Otro","Técnico",30,5,1.57,2110.69,41.5
"820267383","Otro","Secundaria",64,1,1.5,633.09,51.4
"641726706","Masculino","Universitario",60,0,1.93,1622.03,24
"689399518","Masculino","Secundaria",56,0,1.67,1874.61,32.6
"638053012","Femenino","Universitario",45,4,1.75,845.95,45.3
"930581578","Masculino","Primaria",39,6,1.79,2147.81,26.5
"945120690","Masculino","Secundaria",61,2,1.56,1413.81,67.5
"403743369","Masculino","Primaria",53,2,1.54,2891.26,31.5
"010630629","Femenino","Técnico",52,6,1.93,1775.17,44.5
"768925119","Masculino","Técnico",34,0,1.75,1127.2,22.7
"213394064","Masculino","Primaria",23,4,1.75,2191.38,62.1
"590596570","Masculino","Secundaria",51,5,1.87,1957.43,47.3
"828545059","Masculino","Universitario",55,6,1.59,2032.25,34.9
"531992090","Otro","Secundaria",64,5,1.52,2172.36,42.6
"856474660","Femenino","Secundaria",31,2,1.79,1684.78,32.9
"112079351","Femenino","Técnico",25,4,1.59,1738.73,22.8
"563616796","Masculino","Primaria",52,3,1.6,2518.4,29.1
"938631837","Femenino","Técnico",57,2,1.98,3301.39,30.9
"466412332","Femenino","Primaria",25,2,1.58,459.44,51.4
"278079581","Masculino","Universitario",23,4,1.63,1891.46,44.7
"151816909","Otro","Secundaria",43,5,1.79,2783.75,36.3
"715325367","Otro","Técnico",60,0,1.58,1056.63,37.4
"024347141","Femenino","Técnico",21,0,1.82,2933.45,50.7
"339202125","Otro","Primaria",28,3,1.6,1696.62,30
"567725404","Femenino","Primaria",37,0,1.77,2566.2,46
"850129480","Masculino","Secundaria",41,0,1.67,3179.01,30.7
"410879398","Masculino","Secundaria",40,4,1.79,2718.86,47.2
"479716048","Otro","Universitario",21,1,1.79,2971.45,52.6
"877267543","Femenino","Primaria",21,6,1.64,233.74,35.6
"467306476","Femenino","Técnico",37,5,1.62,981.31,44.6
"019875599","Otro","Secundaria",52,5,1.95,2465.17,17.9
"322999990","Otro","Técnico",18,0,1.79,1271.38,43.2
"475378730","Otro","Primaria",32,6,1.74,1558.5,43.1
"811814825","Femenino","Secundaria",33,3,1.88,3107.38,44.3
"337138270","Masculino","Técnico",51,2,1.52,2093.2,52.2
"536441012","Femenino","Secundaria",35,1,1.82,2036.25,30.5
"220481408","Masculino","Técnico",28,6,1.81,1803.53,54
"303696585","Otro","Secundaria",50,0,1.89,721.68,30.4
"819116579","Otro","Universitario",30,5,1.7,495.54,23.7
"329351871","Femenino","Secundaria",18,6,1.61,1825.79,62.1
"290848844","Masculino","Primaria",52,0,1.82,2283.79,48.2
"617536945","Masculino","Técnico",37,3,1.73,944.84,47.6
"354565789","Masculino","Universitario",29,3,1.78,553.78,46.3
"994481117","Otro","Secundaria",33,2,1.87,3020.41,37.9
"136390013","Femenino","Primaria",50,1,1.57,2405.6,50.1
"872157385","Otro","Primaria",40,3,1.76,2385.68,54.4
"523169781","Masculino","Universitario",19,4,1.56,2733.68,24.4
"377551114","Otro","Secundaria",21,4,1.79,2443.79,28.6
"111720873","Masculino","Secundaria",22,3,1.6,1155.6,32.8
"874942706","Femenino","Primaria",36,0,1.76,3000.12,45.3
"527142392","Otro","Secundaria",52,6,1.93,978.11,16.6
"262104167","Femenino","Primaria",51,6,1.79,1617.13,38.4
"868014672","Otro","Técnico",57,3,1.84,2266.88,25.5
"458867088","Masculino","Universitario",37,1,1.75,2224.8,36.5
"268519074","Otro","Primaria",43,0,1.98,2471.47,23.9
"412845013","Otro","Primaria",59,4,1.57,2701.27,51.7
"282494650","Femenino","Secundaria",22,0,1.71,1352.26,37.2
"872077598","Otro","Primaria",54,1,1.78,970.06,38.1
"517492135","Otro","Secundaria",39,2,1.81,1065.81,54.9
"088456132","Masculino","Técnico",21,1,1.66,2459.59,31.4
"381850030","Otro","Técnico",49,6,1.92,1629.8,24.5
"112884851","Masculino","Secundaria",32,5,1.96,2330.33,33.8
"183359024","Otro","Universitario",20,4,1.95,2946.39,33.5
"982093340","Femenino","Secundaria",64,1,1.65,1462.61,43.5
"315302642","Femenino","Primaria",56,3,1.77,2739.76,36.8
"792861057","Otro","Secundaria",32,1,1.78,1484.09,25.9
"875257265","Masculino","Primaria",42,0,1.91,2493.45,38.2
"413154468","Masculino","Universitario",41,2,1.51,2027.26,46
"879893389","Otro","Primaria",51,6,1.79,1319.65,26.6
"124862799","Femenino","Técnico",60,0,1.63,2758.28,50
"206309550","Masculino","Técnico",57,5,1.85,2578.08,47.1
"240998007","Otro","Universitario",51,1,1.6,1305.11,55
"714169196","Femenino","Técnico",39,5,1.59,2030.16,36.7
"967926375","Femenino","Universitario",36,6,1.95,4017.92,44.2
"052667448","Femenino","Técnico",63,5,1.73,1398.51,31.3
"054022659","Otro","Primaria",59,5,1.72,1866.63,37.4
"349740555","Femenino","Primaria",20,2,1.79,3122.31,29.5
"808594334","Otro","Universitario",19,5,1.78,1109.04,50.8
"923778927","Femenino","Primaria",55,1,1.81,3904.33,25.5
"403343590","Masculino","Técnico",49,5,1.81,1466.16,46.1
"224359647","Masculino","Técnico",28,2,1.57,1582.85,33.2
"576995266","Masculino","Técnico",29,2,1.65,1969.16,29.5
"664138897","Femenino","Secundaria",35,6,1.88,2859.74,54.6
"176465523","Otro","Técnico",47,3,1.81,4588.43,41.1
"156145907","Otro","Secundaria",24,0,1.83,2386.65,43.3
"106889534","Otro","Universitario",30,4,1.97,2495.69,41.9
"564266587","Femenino","Técnico",30,4,1.8,901.18,46.5
"395671999","Femenino","Secundaria",28,6,1.87,2112.99,54.7
"844681359","Masculino","Secundaria",30,2,1.58,112.17,40.6
"639445154","Femenino","Secundaria",38,0,1.88,1793.38,52.2
"373583813","Otro","Primaria",63,3,1.89,3169.14,16.5
"684692968","Masculino","Secundaria",27,1,1.6,1841.54,46.3
"638987735","Femenino","Secundaria",33,5,1.7,1953.89,44.2
"383201045","Otro","Universitario",62,0,1.79,2031.24,41.8
"668048659","Masculino","Técnico",18,5,1.74,1901.02,41.3
"797496019","Otro","Primaria",24,0,1.81,2080.04,35.4
"532542446","Otro","Universitario",52,0,1.64,791.01,33.8
"080911557","Otro","Primaria",47,2,1.63,1615.3,51
"917265104","Masculino","Técnico",33,5,1.89,1726.73,38.1
"568726376","Masculino","Técnico",27,1,1.77,2455.82,51.8
"572469296","Otro","Primaria",34,3,1.58,2165.9,36.1
"923721370","Femenino","Técnico",18,4,1.99,1393.13,29.9
"261307427","Otro","Universitario",53,1,1.74,2679.21,54.5
"796680344","Masculino","Universitario",42,5,1.58,2981.27,39
"907070791","Masculino","Primaria",19,0,1.61,976.47,52.2
"699955021","Masculino","Universitario",51,3,1.85,2147.21,27.7
"228736186","Masculino","Secundaria",54,0,1.55,1400.78,43.6
"265125700","Masculino","Secundaria",22,4,1.57,1513.48,36.8
"203223733","Otro","Primaria",63,1,1.7,2335.89,59.5
"370143913","Otro","Universitario",24,1,1.82,2673.48,53.1
"955247625","Otro","Secundaria",51,6,1.51,2304.13,45.6
"488909110","Otro","Primaria",63,0,1.57,1572.12,34.9
"785758958","Femenino","Secundaria",53,3,1.63,2903.77,49.8
"384520191","Otro","Secundaria",61,2,1.86,2825.51,47.2
"097867288","Otro","Secundaria",57,5,1.72,1208.49,25.5
"453874846","Masculino","Secundaria",65,6,1.55,2250.53,51.9
"711782078","Masculino","Secundaria",36,2,1.69,1072.27,48.6
"913512815","Femenino","Primaria",50,3,1.75,3173.39,38.1
"925367277","Masculino","Secundaria",46,0,1.76,2216.05,63.1
"752775031","Otro","Universitario",37,6,1.96,2853.71,49.5
"514215141","Femenino","Universitario",39,0,1.59,2310.52,34.9
"206032111","Masculino","Secundaria",32,6,1.71,1913.38,49.3
"588079536","Otro","Secundaria",28,2,1.71,2600.39,44.1
"625007767","Masculino","Primaria",20,2,1.73,1117.35,38.3
"672760878","Masculino","Secundaria",41,6,1.52,853.85,7.4
"639016159","Otro","Técnico",21,4,1.96,1495.08,35.7
"180256661","Otro","Secundaria",50,4,1.88,2210.89,40.2
"270954823","Femenino","Universitario",30,3,1.99,1669.05,47.2
"002901295","Masculino","Primaria",65,3,1.94,1627.91,43.5
"424393824","Otro","Secundaria",48,5,2,2736.68,42.3
"917315027","Otro","Universitario",23,1,1.69,1598.25,55.1
"322686035","Femenino","Técnico",24,1,1.67,2779.57,39.5
"995670417","Otro","Primaria",56,3,1.89,1381.65,29.4
"378019437","Otro","Secundaria",38,5,1.57,1794.81,35
"897433454","Otro","Universitario",42,1,1.75,1338.95,38.2
"261501087","Masculino","Primaria",37,5,1.87,1659.04,34.3
"111533345","Femenino","Secundaria",63,5,1.6,1070.64,21.4
"726606652","Otro","Secundaria",64,4,1.83,2357.59,46
"977761925","Otro","Universitario",22,3,1.72,2945.85,47.9
"859705546","Femenino","Universitario",48,2,1.95,2226.69,32.6
"908376494","Otro","Primaria",65,5,1.65,3369.81,44.4
"944963553","Masculino","Primaria",50,4,1.78,687.92,36.8
"412079110","Masculino","Secundaria",27,4,1.51,1398.76,37
"050011316","Otro","Técnico",32,0,1.78,2419.72,46
"382193753","Femenino","Secundaria",46,1,1.79,2506.7,44.2
"352834731","Femenino","Primaria",38,2,1.97,2261.6,34.2
"058065652","Masculino","Secundaria",21,3,1.84,3396.55,32.7
"277729249","Masculino","Primaria",64,3,1.78,3340.31,45.4
"627208196","Masculino","Secundaria",48,3,1.58,832.56,30
"807599342","Otro","Primaria",35,5,1.88,1666.08,33
"886127370","Masculino","Primaria",26,6,1.65,852.77,53.8
"839618176","Masculino","Técnico",49,0,1.84,1175.38,41.6
"363818755","Otro","Universitario",50,6,1.56,2198.61,35.6
"756652236","Femenino","Universitario",50,5,1.74,2281.13,28.2
"867955941","Otro","Secundaria",44,1,1.54,1375.64,47.2
"405551368","Femenino","Universitario",25,4,1.65,2241.28,34.5
"730884997","Otro","Universitario",38,6,1.56,1417.73,41
"089284966","Otro","Primaria",52,2,1.68,2199.53,51.9
"740241666","Otro","Universitario",45,6,1.74,2090.52,37.8
"881853303","Masculino","Técnico",35,2,1.51,1772.79,50.3
"993029832","Femenino","Primaria",41,3,1.72,1231.93,28.5
"993133458","Otro","Universitario",49,6,1.95,1627.74,22.4
"194603806","Masculino","Universitario",54,4,1.61,2392.92,43.3
"617756741","Otro","Primaria",21,5,1.53,1604.65,51.9
"358396381","Otro","Universitario",49,6,1.66,1739.59,34.7
"640510476","Otro","Universitario",57,2,1.64,1144.19,37.4
"691486721","Masculino","Técnico",33,5,1.74,1652.71,49.3
"531577694","Otro","Secundaria",47,0,1.68,1980.11,35.5
"779975154","Masculino","Universitario",21,6,1.84,1416.71,28.8
"204719623","Otro","Técnico",27,5,1.94,1693.83,31.7
"348425610","Otro","Universitario",62,0,1.71,1119.44,38.3
"757286656","Otro","Técnico",42,2,1.76,2599.33,24.5
"226979071","Masculino","Secundaria",65,2,1.67,3767.82,48.1
"472971743","Masculino","Secundaria",36,6,1.91,1659.82,45.7
"943986343","Otro","Técnico",56,0,1.58,2373.33,48.4
"602689930","Masculino","Técnico",42,0,1.69,3265.57,55.5
"784156893","Femenino","Primaria",41,1,1.84,1692.44,49.9
"601750908","Otro","Primaria",55,0,1.98,1688.67,54.5
"180375546","Masculino","Técnico",36,5,1.62,2517.82,36.5
"288241806","Masculino","Universitario",52,6,1.84,1238.12,51.6
"004598463","Masculino","Secundaria",57,4,1.54,1861.49,26.5
"513926602","Otro","Secundaria",31,0,1.85,1557.47,46.1
"402513269","Otro","Secundaria",59,6,1.96,1225.73,56.6
"114165501","Otro","Técnico",64,0,1.9,2336.56,60.6
"160586706","Femenino","Secundaria",29,5,1.59,1888.95,42.9
"107855616","Masculino","Primaria",36,0,1.53,3735.62,47.6
"127233810","Femenino","Técnico",29,0,1.78,-274.41,29.2
"028475262","Femenino","Secundaria",64,6,1.75,2516.23,24.7
"658642283","Otro","Secundaria",61,2,1.91,1342.94,39.9
"775101119","Otro","Secundaria",23,3,1.79,1771.02,42.9
"267952293","Femenino","Secundaria",61,1,1.84,1128.96,38.7
"560817170","Otro","Técnico",19,1,1.61,2462.72,32
"782784833","Masculino","Secundaria",60,1,1.66,3084.33,27.8
"187097871","Otro","Primaria",36,5,1.75,2391.29,49.4
"649107398","Masculino","Universitario",63,6,1.97,1270.51,50.1
"334238561","Femenino","Secundaria",29,0,1.62,3291.58,38.4
"392506792","Masculino","Secundaria",35,3,1.64,1869.02,56.8
"597762037","Femenino","Primaria",46,2,1.79,2142.99,40.2
"022663698","Otro","Universitario",41,0,1.54,1960.61,49.8
"230951868","Masculino","Secundaria",38,1,1.52,1827.36,33.3
"539107526","Masculino","Secundaria",58,1,1.87,2064.78,46.1
"467433526","Masculino","Primaria",36,2,1.81,1175.56,46.6
"246070012","Masculino","Técnico",52,0,1.88,2922.57,42.9
"944307478","Otro","Primaria",34,6,1.63,2517.06,50.9
"467490930","Masculino","Técnico",44,6,1.9,2063.06,38.7
"803617449","Femenino","Secundaria",28,4,1.91,2756.32,19.9
"026019357","Masculino","Primaria",49,1,1.59,1022.28,36.6
"252363708","Otro","Universitario",57,4,1.51,2868.1,47.6
"940825041","Otro","Primaria",32,4,1.67,2169.6,21.3
"350957528","Otro","Técnico",32,6,1.76,2402.58,22.8
"468444339","Otro","Universitario",40,0,2,1635.43,40.2
"190349581","Masculino","Primaria",25,4,1.71,1374.17,41.2
"743155590","Femenino","Secundaria",43,1,1.7,1563.04,52.2
"591586396","Masculino","Primaria",56,0,1.91,2829,39.4
"766198252","Femenino","Secundaria",61,1,1.92,2872.62,45.1
"487246867","Femenino","Universitario",35,2,1.53,3243.9,42.7
"470471743","Otro","Primaria",55,5,1.73,1950.4,47.4
"090435990","Femenino","Primaria",37,6,1.65,1395.15,49.2
"931852443","Masculino","Técnico",39,1,1.66,3177.97,26.7
"151117799","Otro","Secundaria",63,0,1.88,758.44,33.2
"620435846","Masculino","Técnico",31,1,1.51,1872.89,49.2
"115783908","Otro","Primaria",49,2,1.87,2482.61,18.3
"456548858","Masculino","Universitario",23,3,1.56,1070.17,14.3
"137332094","Femenino","Secundaria",20,3,1.82,751.92,41.4
"520020636","Otro","Primaria",19,6,1.52,2391.35,40.3
"320653508","Femenino","Universitario",25,5,1.81,3296.84,36.5
"447220101","Otro","Secundaria",48,3,1.56,1428.21,48.5
"107979871","Femenino","Secundaria",61,5,1.52,1450.65,51.9
"150627947","Femenino","Secundaria",42,3,1.86,1246.72,49.9
"795829241","Femenino","Secundaria",46,3,1.9,3187.78,38.2
"747129171","Otro","Primaria",45,0,1.88,1433.65,39.7
"479956751","Femenino","Secundaria",46,5,1.79,1330.04,43
"171687627","Femenino","Secundaria",18,6,1.74,1356.78,18.7
"886876177","Otro","Universitario",48,4,1.52,1529.68,30
"096248361","Otro","Secundaria",42,6,1.62,1521.83,48
"504908015","Otro","Técnico",57,0,1.72,2485.16,42.5
"961251838","Femenino","Universitario",23,6,1.84,2241.38,27
"314968331","Otro","Universitario",37,4,1.91,2379.8,52.9
"110008521","Masculino","Primaria",45,0,1.58,1495.84,44.9
"042655734","Femenino","Secundaria",27,4,1.88,2579.61,34
"438360009","Femenino","Universitario",22,3,1.72,-434.51,40.1
"845719319","Femenino","Universitario",30,6,1.63,2902.16,40.7
"914953672","Otro","Primaria",26,3,1.71,2159.88,37
"907145112","Masculino","Secundaria",63,5,1.91,1675.92,38.2
"409319257","Masculino","Universitario",46,1,1.98,2380.42,38.5
"531732551","Otro","Técnico",49,5,1.67,1021.5,46.6
"099094608","Masculino","Secundaria",63,1,1.91,1493.83,50
"310566815","Femenino","Universitario",51,3,1.82,2087.34,45.5
"484635157","Masculino","Universitario",29,2,1.6,749.95,57.5
"250446654","Masculino","Universitario",47,1,1.91,1967.8,46.2
"849419292","Otro","Secundaria",27,6,1.87,1970.94,43.2
"295919770","Masculino","Primaria",58,0,1.83,1776.86,48.4
"243290202","Masculino","Primaria",27,0,1.61,965.5,38.6
"353683370","Femenino","Universitario",27,0,1.63,2933.44,47.3
"829925333","Femenino","Secundaria",42,3,1.7,811.7,60.1
"795161209","Otro","Primaria",27,2,1.9,818.3,37.9
"135000033","Otro","Secundaria",43,0,1.86,1533.89,50.3
"519608812","Otro","Universitario",24,0,1.97,3239.44,40.2
"210554674","Otro","Universitario",34,6,1.5,2085.51,32.5
"868211233","Otro","Universitario",48,2,1.59,2207.65,51.3
"546830345","Femenino","Primaria",58,6,1.81,1827.21,44.6
"245236064","Masculino","Secundaria",49,3,1.71,2216.68,36.8
"583074176","Femenino","Secundaria",40,4,1.65,2506.55,57.6
"287230012","Otro","Secundaria",55,3,1.92,2565.98,21.4
"777674339","Otro","Universitario",52,1,1.63,3096.55,39.4
"964023009","Femenino","Secundaria",21,4,1.6,1377.56,37.9
"160866162","Femenino","Universitario",56,6,1.52,1873.51,38.7
"933527547","Femenino","Técnico",21,2,1.52,2330.83,41.2
"617178795","Femenino","Universitario",53,5,1.77,2660.06,58.6
"848490384","Femenino","Universitario",40,3,1.66,1733.58,19.2
"787350695","Otro","Técnico",62,2,1.59,2520.62,50.4
"710901488","Otro","Técnico",50,1,1.93,1561.24,32.4
"758251000","Femenino","Técnico",24,0,1.98,1726.82,49.4
"596793476","Otro","Universitario",35,5,1.54,2809.72,35.5
"884140195","Masculino","Técnico",57,3,1.81,493.8,48.6
"757179293","Masculino","Universitario",63,3,1.7,2177.24,37.8
"642554340","Otro","Secundaria",54,2,1.58,2740.75,33.9
"097744182","Femenino","Técnico",18,5,1.92,1724.18,27.7
"954548547","Masculino","Primaria",52,6,1.83,2499.88,30
"660109525","Otro","Secundaria",24,6,1.76,1434.8,36.4
"691291560","Femenino","Primaria",18,5,1.76,2136.97,39.6
"914660613","Otro","Secundaria",46,5,1.86,2007.82,45.1
"567415276","Masculino","Primaria",47,2,1.93,1977.13,39.2
"928865863","Femenino","Técnico",24,2,1.97,979.37,52.3
"762173585","Femenino","Técnico",57,0,1.95,1869.93,27.6
"409064977","Otro","Secundaria",65,6,1.91,1348.84,45.5
"482104587","Femenino","Universitario",30,3,1.58,1712.31,49.2
"621671784","Otro","Secundaria",19,4,1.86,2819.4,45.1
"413172386","Otro","Técnico",39,0,1.82,1546.73,38.7
"666884234","Otro","Secundaria",30,2,1.84,1973.82,34.9
"920759165","Femenino","Universitario",33,0,1.59,2082.42,25.9
"505744589","Otro","Primaria",62,4,1.56,1848.43,24.6
"856397091","Femenino","Universitario",56,3,1.78,2644.87,47
"476546235","Otro","Universitario",46,6,1.9,1966.04,36.8
"069245166","Otro","Universitario",18,4,1.92,2123.92,24.9
"195735670","Masculino","Universitario",56,1,1.85,1287.78,45.2
"990541640","Masculino","Técnico",31,1,1.94,1694.19,47.9
"508588804","Femenino","Primaria",50,2,1.83,1482.4,18.5
"441123119","Femenino","Universitario",51,1,1.57,2379.42,58.4
"506650267","Otro","Secundaria",30,1,1.76,2921.22,52.4
"172679601","Femenino","Universitario",65,0,1.64,1631.49,27.3
"161276326","Femenino","Primaria",62,6,1.55,227.79,32
"954975507","Femenino","Técnico",20,6,1.52,1323.59,42.1
"487882801","Femenino","Universitario",44,2,1.78,1252.58,43.6
"755316037","Femenino","Primaria",41,1,1.88,2944.6,28.1
"116412632","Femenino","Universitario",34,6,1.95,2114.39,33.6
"687689872","Otro","Universitario",36,1,1.88,3251.79,70.8
"835241835","Otro","Primaria",42,3,1.64,2320.72,49.4
"384072526","Masculino","Universitario",37,4,1.87,761.95,53.9
"712951486","Masculino","Primaria",52,6,1.52,2395.93,32.1
"611793950","Masculino","Universitario",31,0,1.81,1401.72,36.9
"670947956","Otro","Técnico",28,2,1.98,2000.48,26.5
"910365252","Masculino","Técnico",21,4,1.81,1918.68,43.6
"334140512","Otro","Universitario",38,2,1.64,1884.75,39.5
"716435526","Masculino","Secundaria",35,6,1.67,1734.9,63.1
"321499412","Masculino","Universitario",63,1,1.94,3536.97,36.8
"385539537","Masculino","Primaria",62,4,1.61,3207.88,40.1
"004864296","Masculino","Universitario",39,4,1.87,1288.57,30.6
"697623269","Femenino","Primaria",53,6,1.69,2158.94,42.3
"139645227","Femenino","Primaria",56,4,1.98,2921.09,32.2
"708977456","Femenino","Universitario",20,6,1.99,2882.02,29.6
"705911040","Femenino","Secundaria",47,0,1.74,1283.69,39
"442049668","Masculino","Primaria",57,0,1.81,3127.84,31
"469974746","Otro","Secundaria",40,4,1.69,1436.32,31.4
"197183705","Otro","Técnico",51,4,1.69,2101.31,45.1
"855401553","Otro","Universitario",34,2,1.98,2135,50.9
"315922980","Femenino","Técnico",28,4,1.81,464.01,48.7
"177274279","Otro","Técnico",24,2,1.99,1893.35,39.9
"016301115","Femenino","Secundaria",45,2,1.66,319.69,40.9
"977571549","Masculino","Técnico",51,0,1.81,426.93,32.4
"612946719","Masculino","Primaria",23,5,1.95,2256.41,43
"482707753","Femenino","Técnico",29,4,1.78,2272.99,50
"832456227","Femenino","Universitario",30,0,1.9,2779.47,30.3
"675864369","Femenino","Secundaria",29,2,1.89,2303.64,50
"266505467","Masculino","Técnico",30,6,1.51,1460.98,33.5
"396737106","Otro","Universitario",18,2,1.63,1359.42,44.3
"596680013","Masculino","Universitario",57,0,1.64,2643.64,26.1
"225153199","Otro","Universitario",57,2,1.85,3160.83,41.7
"375169258","Masculino","Universitario",53,6,1.54,2639.03,53.1
"523506960","Masculino","Secundaria",42,6,1.58,2173.54,39.2
"333492198","Otro","Secundaria",49,3,1.75,1944.8,24.2
"344859995","Femenino","Primaria",26,0,1.69,3302.73,56.3
"144014472","Masculino","Primaria",21,5,1.75,6.65,31.8
"267411670","Otro","Secundaria",50,6,1.89,2794.33,30.2
"080024325","Otro","Primaria",64,2,1.9,1865.84,33.8
"165279241","Femenino","Universitario",65,4,1.61,1098.32,30
"119435242","Femenino","Universitario",65,3,1.56,2669.33,42
"138545577","Otro","Técnico",62,0,1.9,1215.78,43.3
"203368757","Otro","Secundaria",39,4,1.55,2275.2,36.4
"941018706","Masculino","Primaria",22,0,1.85,2148.43,48.2
"131449146","Femenino","Universitario",28,4,1.7,2112.96,44.5
"093735417","Masculino","Técnico",59,5,1.96,518.32,27.2
"074623769","Masculino","Primaria",42,0,1.53,2129.94,46.6
"287692318","Otro","Primaria",44,2,1.99,1605.46,27
"581281768","Masculino","Técnico",33,1,1.9,1436.97,39.2
"377700854","Femenino","Secundaria",59,0,1.64,1053.1,37.3
"584106868","Femenino","Universitario",61,2,1.67,1089.04,32
"910509210","Otro","Universitario",62,6,1.83,1323.52,51.3
"136739168","Femenino","Secundaria",43,4,1.54,2997.59,40.3
"530237054","Otro","Universitario",64,3,1.97,2556.13,45.2
"249964478","Otro","Técnico",29,2,1.68,2219.87,39.5
"559953523","Femenino","Secundaria",52,5,1.79,3373.19,31.2
"558324753","Otro","Secundaria",40,6,1.88,3289.66,45.8
"226167646","Otro","Universitario",53,5,1.63,2722.37,32
"793612696","Femenino","Primaria",56,5,1.95,1053.25,48.5
"948363459","Femenino","Universitario",22,6,1.58,3146.46,64.2
"933268184","Otro","Secundaria",34,4,1.96,1838.3,43.4
"147760603","Otro","Universitario",50,3,1.96,1805.86,46.7
"622285399","Femenino","Universitario",53,1,1.83,2190.03,44.4
"863514670","Masculino","Técnico",34,3,2,2050.35,52.5
"001734028","Masculino","Secundaria",35,5,1.83,1604.9,27.5
"607138952","Otro","Técnico",61,5,1.57,2547.9,30.4
"752886614","Otro","Primaria",37,0,1.86,1614.37,40.7
"711029637","Masculino","Secundaria",26,2,1.77,1548.16,39.4
"528040013","Femenino","Secundaria",19,6,1.99,1796.57,28.5
"919743071","Femenino","Primaria",61,6,1.53,1392.25,22.5
"463022100","Otro","Secundaria",43,1,1.57,2122.95,35.3
"379380920","Femenino","Universitario",20,6,1.76,1922.2,56.5
"217432201","Otro","Universitario",22,1,1.84,1763.28,62.4
"651129557","Masculino","Universitario",39,5,1.69,2371.03,48.4
"685778175","Femenino","Primaria",49,4,1.68,540.14,23.8
"640713650","Femenino","Secundaria",43,4,1.75,2201.95,47.5
"847908417","Masculino","Universitario",18,5,1.95,2721,34.6
"023148747","Otro","Técnico",23,0,2,2704.35,41.3
"433603697","Femenino","Secundaria",26,0,1.98,3785.42,46.8
"423467982","Otro","Técnico",63,0,1.54,1488.13,56.6
"014564878","Otro","Secundaria",38,4,1.52,1215.92,41.3
"332595432","Masculino","Universitario",63,5,1.83,2260.88,33
"478756913","Femenino","Secundaria",39,6,1.52,651.79,47.6
"775132103","Femenino","Secundaria",57,5,1.98,2968.55,48.2
"714455724","Masculino","Técnico",35,6,1.65,1162.31,49
"318673888","Masculino","Secundaria",42,0,1.64,2350.84,51.4
"386545938","Femenino","Técnico",28,4,1.74,1729.76,42.9
"444513420","Otro","Primaria",37,1,1.6,96.42,30.6
"482800515","Otro","Primaria",44,4,1.61,2207.48,41.3
"901430958","Otro","Secundaria",26,2,1.76,1117.6,22.4
"793849023","Femenino","Universitario",54,3,1.68,2737.84,51.5
"795853617","Femenino","Técnico",27,2,1.95,38.81,45.1
"726001694","Otro","Técnico",53,5,1.62,1895.2,47
"281359140","Masculino","Técnico",35,0,1.68,1157.28,41.6
"213154461","Otro","Secundaria",52,1,1.99,2901.73,16.1
"388241597","Masculino","Secundaria",37,2,1.58,1417.73,33.9
"862792106","Otro","Secundaria",28,2,1.6,2748.27,49.4
"736567478","Otro","Universitario",57,1,1.76,1625.37,37.3
"698992823","Otro","Universitario",44,4,1.7,2103.86,48.4
"062762030","Femenino","Universitario",52,1,1.51,3169.88,30.6
"496818671","Masculino","Primaria",34,0,1.71,1454.26,42.6
"506648096","Masculino","Universitario",51,6,1.54,3454.89,34.5
"729809570","Otro","Secundaria",36,3,1.94,2788.93,33.5
"315507978","Masculino","Universitario",40,6,1.93,3027.68,38.1
"323284741","Femenino","Secundaria",52,3,1.65,202.88,57.1
"548858321","Femenino","Primaria",46,3,1.84,1865.19,41.7
"451962490","Otro","Secundaria",45,4,1.55,826.71,42.2
"712098946","Femenino","Primaria",59,3,1.51,2607.42,55.9
"094004479","Masculino","Secundaria",30,5,1.94,2978.22,37.1
"926747787","Masculino","Técnico",35,6,1.87,1505.97,45.2
"658485861","Femenino","Técnico",37,0,1.96,1590.58,32.8
"978328511","Otro","Secundaria",64,2,1.51,702.74,48.5
"921543779","Masculino","Técnico",43,3,1.52,2632.75,26.5
"631897485","Masculino","Primaria",51,1,1.66,3169.22,39.4
"767512761","Masculino","Secundaria",52,0,1.69,640.05,51.3
"660426015","Masculino","Técnico",55,4,1.81,549.99,53.4
"405931746","Masculino","Secundaria",23,3,1.73,2915.31,39.1
"259767825","Masculino","Primaria",44,6,1.54,3078.83,16.1
"902326899","Otro","Primaria",26,4,1.74,2297.25,56.5
"095490377","Masculino","Secundaria",54,4,1.95,2193.8,33.8
"557668986","Femenino","Secundaria",31,1,1.67,1502.99,47.2
"750450362","Otro","Secundaria",35,2,1.94,2271.23,23
"777369582","Otro","Universitario",20,5,1.59,1638.29,35.5
"732836896","Otro","Universitario",38,6,1.62,3634.59,56.3
"543544936","Femenino","Universitario",21,5,1.93,1640.53,43.4
"947603444","Femenino","Técnico",48,0,1.93,-509.91,43.4
"901873281","Masculino","Secundaria",34,4,1.69,2399.97,49
"093403207","Otro","Universitario",33,0,1.79,994.29,26.4
"056231495","Femenino","Primaria",61,2,1.74,2658.21,40.3
"908318533","Masculino","Secundaria",39,6,1.87,763.12,44.7
"776644991","Masculino","Primaria",48,2,1.61,1792.98,51.3
"085604319","Otro","Primaria",36,3,1.87,2312.33,31.9
"506005067","Femenino","Técnico",60,5,1.91,1842.18,42.3
"429622817","Femenino","Universitario",60,0,1.55,442.44,46.7
"796585578","Masculino","Primaria",34,6,1.64,857.89,77.2
"706699513","Masculino","Universitario",48,3,1.51,1319.67,55.9
"592848469","Otro","Primaria",52,3,1.8,3299.58,16.3
"757829607","Otro","Primaria",59,2,1.99,1898.69,40.2
"951963557","Masculino","Secundaria",61,5,1.92,3020.48,41.9
"912229362","Femenino","Técnico",42,0,1.8,2143.6,48.2
"874982991","Masculino","Universitario",31,6,1.67,1604.66,33
"450825415","Femenino","Primaria",32,3,1.82,2902.07,50
"655169898","Masculino","Secundaria",40,5,1.52,1082.44,33.1
"129458992","Otro","Secundaria",51,4,1.56,3184.81,39
"576238851","Otro","Secundaria",27,0,1.76,2732.95,46
"326498071","Femenino","Secundaria",27,3,1.94,2268.1,33.9
"843721021","Femenino","Universitario",35,4,1.55,2459.74,40.8
"511331679","Otro","Universitario",60,0,1.98,2162.9,55.8
"893244099","Masculino","Universitario",61,5,1.97,1642.37,35.4
"998729471","Femenino","Primaria",22,2,1.97,1725.18,28.4
"951787483","Femenino","Universitario",54,2,1.88,1516.93,47.2
"559592497","Femenino","Primaria",26,6,1.51,2990.94,32.2
"391708444","Masculino","Primaria",46,4,1.71,2479.59,37.3
